Workbook

Sheet Settings
A1: Avis Dashboard — Config
A3: Daily Review Goal | B3: 50
A4: Gift Card Shoutout Threshold (mentions/day) | B4: 3
A5: Work Day Window | B5: 6:00 AM – 6:00 AM (next day)

Sheet Daily Summary
A1: Date | B1: Rating (End of Day) | C1: Total Reviews (End of Day) | D1: True New Reviews Today | E1: Reviews w/ Text Captured | F1: Capture Rate | G1: Daily Goal Met?
A2: 2026-07-01 | B2: 3.9 | C2: 9707 | D2: 37 | E2: 0 | F2: =IFERROR(E2/D2,0) | G2: =IF(D2>=Settings!$B$3,"YES","NO")
A3: 2026-07-02 | B3: 3.9 | C3: 9747 | D3: 40 | E3: 0 | F3: =IFERROR(E3/D3,0) | G3: =IF(D3>=Settings!$B$3,"YES","NO")
A4: 2026-07-03 | B4: 3.9 | C4: 9777 | D4: 30 | E4: 0 | F4: =IFERROR(E4/D4,0) | G4: =IF(D4>=Settings!$B$3,"YES","NO")
A5: 2026-07-04 | B5: 3.9 | C5: 9793 | D5: 16 | E5: 0 | F5: =IFERROR(E5/D5,0) | G5: =IF(D5>=Settings!$B$3,"YES","NO")
A6: 2026-07-05 | B6: 4 | C6: 9823 | D6: 30 | E6: 0 | F6: =IFERROR(E6/D6,0) | G6: =IF(D6>=Settings!$B$3,"YES","NO")
A7: 2026-07-06 | B7: 4 | C7: 9914 | D7: 91 | E7: 0 | F7: =IFERROR(E7/D7,0) | G7: =IF(D7>=Settings!$B$3,"YES","NO")
A8: 2026-07-07 | B8: 4 | C8: 9960 | D8: 46 | E8: 0 | F8: =IFERROR(E8/D8,0) | G8: =IF(D8>=Settings!$B$3,"YES","NO")
A9: 2026-07-08 | B9: 4 | C9: 9986 | D9: 26 | E9: 0 | F9: =IFERROR(E9/D9,0) | G9: =IF(D9>=Settings!$B$3,"YES","NO")
A10: 2026-07-09 | B10: 4 | C10: 10052 | D10: 66 | E10: 0 | F10: =IFERROR(E10/D10,0) | G10: =IF(D10>=Settings!$B$3,"YES","NO")
A11: 2026-07-10 | B11: 4 | C11: 10080 | D11: 28 | E11: 0 | F11: =IFERROR(E11/D11,0) | G11: =IF(D11>=Settings!$B$3,"YES","NO")
A12: 2026-07-11 | B12: 4 | C12: 10110 | D12: 30 | E12: 0 | F12: =IFERROR(E12/D12,0) | G12: =IF(D12>=Settings!$B$3,"YES","NO")
A13: 2026-07-25 | B13: 4 | C13: 10695 | D13: 47 | E13: 0 | F13: =IFERROR(E13/D13,0) | G13: =IF(D13>=Settings!$B$3,"YES","NO")
... A40: 2026-09-07 | B40: 4.2 | C40: 12309 | D40: 42 | E40: 0 | F40: =IFERROR(E40/D40,0) | G40: =IF(D40>=Settings!$B$3,"YES","NO")

Sheet Shoutouts Daily
A1: Date | B1: Week | C1: Employee (merged name) | D1: Mentions Today | E1: Threshold | F1: Gift Card Earned?
A2: 2026-07-01 | B2: 2026-W26 | C2: Shirley | D2: 2 | E2: =Settings!$B$4 | F2: =IF(D2>=E2,"YES","NO")
A3: 2026-07-01 | B3: 2026-W26 | C3: Portia | D3: 1 | E3: =Settings!$B$4 | F3: =IF(D3>=E3,"YES","NO")
A4: 2026-07-01 | B4: 2026-W26 | C4: John | D4: 1 | E4: =Settings!$B$4 | F4: =IF(D4>=E4,"YES","NO")
A5: 2026-07-01 | B5: 2026-W26 | C5: Miles | D5: 1 | E5: =Settings!$B$4 | F5: =IF(D5>=E5,"YES","NO")
A6: 2026-07-01 | B6: 2026-W26 | C6: Cece | D6: 1 | E6: =Settings!$B$4 | F6: =IF(D6>=E6,"YES","NO")
A7: 2026-07-01 | B7: 2026-W26 | C7: Kendrick | D7: 1 | E7: =Settings!$B$4 | F7: =IF(D7>=E7,"YES","NO")
A8: 2026-08-16 | B8: 2026-W32 | C8: Lyla | D8: 1 | E8: =Settings!$B$4 | F8: =IF(D8>=E8,"YES","NO")
A9: 2026-08-16 | B9: 2026-W32 | C9: Cece | D9: 1 | E9: =Settings!$B$4 | F9: =IF(D9>=E9,"YES","NO")

Sheet Shoutouts Weekly
A1: Week | B1: Employee (merged name) | C1: Total Mentions | D1: Threshold | E1: Gift Cards Earned (days met)
A2: 2026-W26 | B2: Shirley | C2: =SUMIFS('Shoutouts Daily'!D:D,'Shoutouts Daily'!B:B,A2,'Shoutouts Daily'!C:C,B2) | D2: =Settings!$B$4 | E2: =COUNTIFS('Shoutouts Daily'!B:B,A2,'Shoutouts Daily'!C:C,B2,'Shoutouts Daily'!D:D,">="&D2)
A3: 2026-W26 | B3: Portia | C3: =SUMIFS('Shoutouts Daily'!D:D,'Shoutouts Daily'!B:B,A3,'Shoutouts Daily'!C:C,B3) | D3: =Settings!$B$4 | E3: =COUNTIFS('Shoutouts Daily'!B:B,A3,'Shoutouts Daily'!C:C,B3,'Shoutouts Daily'!D:D,">="&D3)
A4: 2026-W26 | B4: John | C4: =SUMIFS('Shoutouts Daily'!D:D,'Shoutouts Daily'!B:B,A4,'Shoutouts Daily'!C:C,B4) | D4: =Settings!$B$4 | E4: =COUNTIFS('Shoutouts Daily'!B:B,A4,'Shoutouts Daily'!C:C,B4,'Shoutouts Daily'!D:D,">="&D4)
A5: 2026-W26 | B5: Miles | C5: =SUMIFS('Shoutouts Daily'!D:D,'Shoutouts Daily'!B:B,A5,'Shoutouts Daily'!C:C,B5) | D5: =Settings!$B$4 | E5: =COUNTIFS('Shoutouts Daily'!B:B,A5,'Shoutouts Daily'!C:C,B5,'Shoutouts Daily'!D:D,">="&D5)
A6: 2026-W26 | B6: Cece | C6: =SUMIFS('Shoutouts Daily'!D:D,'Shoutouts Daily'!B:B,A6,'Shoutouts Daily'!C:C,B6) | D6: =Settings!$B$4 | E6: =COUNTIFS('Shoutouts Daily'!B:B,A6,'Shoutouts Daily'!C:C,B6,'Shoutouts Daily'!D:D,">="&D6)
A7: 2026-W26 | B7: Kendrick | C7: =SUMIFS('Shoutouts Daily'!D:D,'Shoutouts Daily'!B:B,A7,'Shoutouts Daily'!C:C,B7) | D7: =Settings!$B$4 | E7: =COUNTIFS('Shoutouts Daily'!B:B,A7,'Shoutouts Daily'!C:C,B7,'Shoutouts Daily'!D:D,">="&D7)
A8: 2026-W32 | B8: Lyla | C8: =SUMIFS('Shoutouts Daily'!D:D,'Shoutouts Daily'!B:B,A8,'Shoutouts Daily'!C:C,B8) | D8: =Settings!$B$4 | E8: =COUNTIFS('Shoutouts Daily'!B:B,A8,'Shoutouts Daily'!C:C,B8,'Shoutouts Daily'!D:D,">="&D8)
A9: 2026-W32 | B9: Cece | C9: =SUMIFS('Shoutouts Daily'!D:D,'Shoutouts Daily'!B:B,A9,'Shoutouts Daily'!C:C,B9) | D9: =Settings!$B$4 | E9: =COUNTIFS('Shoutouts Daily'!B:B,A9,'Shoutouts Daily'!C:C,B9,'Shoutouts Daily'!D:D,">="&D9)
